sku,name,price,categories,image,count_default,rating
9kzBo4tG,Adopt a Cat  Cat Rescue Cat Adoption_t-shirt den,99,t-shirt,uploaded_images\output\Adopt a Cat  Cat Rescue Cat Adoption_t-shirt den.webp,52,104
8FQYPPY9,Anime Cat Waifu Who Loves Anime Ramen And Sketching Japan_t-shirt den,99,t-shirt,uploaded_images\output\Anime Cat Waifu Who Loves Anime Ramen And Sketching Japan_t-shirt den.webp,72,144
xMmFhKHP,Anime Gamer Gaming Video Games Cat Lover Kawaii Neko_t-shirt den,99,t-shirt,uploaded_images\output\Anime Gamer Gaming Video Games Cat Lover Kawaii Neko_t-shirt den.webp,48,96
vPa5ZmMa,Anime Kawaii Cats Ramen Cat Boba Bubble Tea Cat Video Gamer_t-shirt den,99,t-shirt,uploaded_images\output\Anime Kawaii Cats Ramen Cat Boba Bubble Tea Cat Video Gamer_t-shirt den.webp,4,8
uV40GVF1,Are You Kitten Me Right Meow Black Cat Witch Knife Halloween _t-shirt den,99,t-shirt,uploaded_images\output\Are You Kitten Me Right Meow Black Cat Witch Knife Halloween _t-shirt den.webp,35,70
2RyXJ4QO,"Astronaut Cat in Space Holding Planet Balloon, Cat Lover_t-shirt den",99,t-shirt,"uploaded_images\output\Astronaut Cat in Space Holding Planet Balloon, Cat Lover_t-shirt den.webp",51,102
Q9np83jN,"Astronaut Cat, Funny Cat Tee, Space Cat Tshirt, Cat Lover_t-shirt den",99,t-shirt,"uploaded_images\output\Astronaut Cat, Funny Cat Tee, Space Cat Tshirt, Cat Lover_t-shirt den.webp",26,52
ICIEG28V,Avogato Avocado Cat Cat Vegan_t-shirt den,99,t-shirt,uploaded_images\output\Avogato Avocado Cat Cat Vegan_t-shirt den.webp,59,118
01HyfMk8,Bengal Cat Halloween Witch Hat And Moon_t-shirt den,99,t-shirt,uploaded_images\output\Bengal Cat Halloween Witch Hat And Moon_t-shirt den.webp,12,24
x6tI2ZGN,Bi Flag Pride LGBTQ Cats Bisexual cat_t-shirt den,99,t-shirt,uploaded_images\output\Bi Flag Pride LGBTQ Cats Bisexual cat_t-shirt den.webp,5,10
Ww3LFCxD,Big heart cat paws_t-shirt den,99,t-shirt,uploaded_images\output\Big heart cat paws_t-shirt den.webp,72,144
J5WLVnAv,Bisexual Pride Kawaii Kitty Cat Stack Anime_t-shirt den,99,t-shirt,uploaded_images\output\Bisexual Pride Kawaii Kitty Cat Stack Anime_t-shirt den.webp,40,80
eEFwT1KQ,Black Cat- Are You Kitten Me Right Meow Lover Gift_t-shirt den,99,t-shirt,uploaded_images\output\Black Cat- Are You Kitten Me Right Meow Lover Gift_t-shirt den.webp,30,60
yOEA1vIQ,Black Cat christmas It's Fine I'm Fine Everything Is Fine_t-shirt den,99,t-shirt,uploaded_images\output\Black Cat christmas It's Fine I'm Fine Everything Is Fine_t-shirt den.webp,62,124
zS7MQaZY,Black Cat Halloween- Are You Kitten Me Right Meow Lover _t-shirt den,99,t-shirt,uploaded_images\output\Black Cat Halloween- Are You Kitten Me Right Meow Lover _t-shirt den.webp,55,110
vYSeZuyq,Black Cat Pumpkin Jack O Lantern Daisy_t-shirt den,99,t-shirt,uploaded_images\output\Black Cat Pumpkin Jack O Lantern Daisy_t-shirt den.webp,37,74
FU4zNiEN,Books Cats Life Is Sweet Cat Book Lovers Reading Book Ver 2_t-shirt den,99,t-shirt,uploaded_images\output\Books Cats Life Is Sweet Cat Book Lovers Reading Book Ver 2_t-shirt den.webp,12,24
U4IYrL3T,Cat Japanese Do What I Want Vintage Black Cat Funny My Cat_t-shirt den,99,t-shirt,uploaded_images\output\Cat Japanese Do What I Want Vintage Black Cat Funny My Cat_t-shirt den.webp,11,22
3VuS0gis,Cat Lovers and Artists Claws Meownet Funny Artist Cat_t-shirt den,99,t-shirt,uploaded_images\output\Cat Lovers and Artists Claws Meownet Funny Artist Cat_t-shirt den.webp,20,40
HXGCAxI7,Cat loves Sushi Kawaii Neko_t-shirt den,99,t-shirt,uploaded_images\output\Cat loves Sushi Kawaii Neko_t-shirt den.webp,9,18
yCEDVkdG,Cat Moon Flower Art Nature Kitty Cats_t-shirt den,99,t-shirt,uploaded_images\output\Cat Moon Flower Art Nature Kitty Cats_t-shirt den.webp,52,104
SdssLpSl,Adopt a Cat  Cat Rescue Cat Adoption_t-shirt trang,99,t-shirt,uploaded_images\output\Adopt a Cat  Cat Rescue Cat Adoption_t-shirt trang.webp,79,158
3BqzfWIZ,Anime Cat Waifu Who Loves Anime Ramen And Sketching Japan_t-shirt trang,99,t-shirt,uploaded_images\output\Anime Cat Waifu Who Loves Anime Ramen And Sketching Japan_t-shirt trang.webp,64,128
PHIyswgX,Anime Gamer Gaming Video Games Cat Lover Kawaii Neko_t-shirt trang,99,t-shirt,uploaded_images\output\Anime Gamer Gaming Video Games Cat Lover Kawaii Neko_t-shirt trang.webp,2,4
7jKDnfoT,Anime Kawaii Cats Ramen Cat Boba Bubble Tea Cat Video Gamer_t-shirt trang,99,t-shirt,uploaded_images\output\Anime Kawaii Cats Ramen Cat Boba Bubble Tea Cat Video Gamer_t-shirt trang.webp,1,2
VT75N4gt,Are You Kitten Me Right Meow Black Cat Witch Knife Halloween _t-shirt trang,99,t-shirt,uploaded_images\output\Are You Kitten Me Right Meow Black Cat Witch Knife Halloween _t-shirt trang.webp,79,158
jAecsm1n,"Astronaut Cat in Space Holding Planet Balloon, Cat Lover_t-shirt trang",99,t-shirt,"uploaded_images\output\Astronaut Cat in Space Holding Planet Balloon, Cat Lover_t-shirt trang.webp",39,78
UHNBssgh,"Astronaut Cat, Funny Cat Tee, Space Cat Tshirt, Cat Lover_t-shirt trang",99,t-shirt,"uploaded_images\output\Astronaut Cat, Funny Cat Tee, Space Cat Tshirt, Cat Lover_t-shirt trang.webp",55,110
DKVFIdGl,Avogato Avocado Cat Cat Vegan_t-shirt trang,99,t-shirt,uploaded_images\output\Avogato Avocado Cat Cat Vegan_t-shirt trang.webp,21,42
Rb4RXb3W,Bengal Cat Halloween Witch Hat And Moon_t-shirt trang,99,t-shirt,uploaded_images\output\Bengal Cat Halloween Witch Hat And Moon_t-shirt trang.webp,27,54
Gwdjgla9,Bi Flag Pride LGBTQ Cats Bisexual cat_t-shirt trang,99,t-shirt,uploaded_images\output\Bi Flag Pride LGBTQ Cats Bisexual cat_t-shirt trang.webp,57,114
b0TlwelI,Big heart cat paws_t-shirt trang,99,t-shirt,uploaded_images\output\Big heart cat paws_t-shirt trang.webp,13,26
xNO8m04F,Bisexual Pride Kawaii Kitty Cat Stack Anime_t-shirt trang,99,t-shirt,uploaded_images\output\Bisexual Pride Kawaii Kitty Cat Stack Anime_t-shirt trang.webp,66,132
9WX50fa5,Black Cat- Are You Kitten Me Right Meow Lover Gift_t-shirt trang,99,t-shirt,uploaded_images\output\Black Cat- Are You Kitten Me Right Meow Lover Gift_t-shirt trang.webp,4,8
PvkXkpLM,Black Cat christmas It's Fine I'm Fine Everything Is Fine_t-shirt trang,99,t-shirt,uploaded_images\output\Black Cat christmas It's Fine I'm Fine Everything Is Fine_t-shirt trang.webp,56,112
UdxCvnEQ,Black Cat Halloween- Are You Kitten Me Right Meow Lover _t-shirt trang,99,t-shirt,uploaded_images\output\Black Cat Halloween- Are You Kitten Me Right Meow Lover _t-shirt trang.webp,36,72
SEi8isUM,Black Cat Pumpkin Jack O Lantern Daisy_t-shirt trang,99,t-shirt,uploaded_images\output\Black Cat Pumpkin Jack O Lantern Daisy_t-shirt trang.webp,14,28
1pmE3kzP,Books Cats Life Is Sweet Cat Book Lovers Reading Book Ver 2_t-shirt trang,99,t-shirt,uploaded_images\output\Books Cats Life Is Sweet Cat Book Lovers Reading Book Ver 2_t-shirt trang.webp,72,144
nhd0qYEZ,Cat Japanese Do What I Want Vintage Black Cat Funny My Cat_t-shirt trang,99,t-shirt,uploaded_images\output\Cat Japanese Do What I Want Vintage Black Cat Funny My Cat_t-shirt trang.webp,46,92
vw9rhOpg,Cat Lovers and Artists Claws Meownet Funny Artist Cat_t-shirt trang,99,t-shirt,uploaded_images\output\Cat Lovers and Artists Claws Meownet Funny Artist Cat_t-shirt trang.webp,25,50
dz0mwd5L,Cat loves Sushi Kawaii Neko_t-shirt trang,99,t-shirt,uploaded_images\output\Cat loves Sushi Kawaii Neko_t-shirt trang.webp,45,90
U3MRwtrK,Cat Moon Flower Art Nature Kitty Cats_t-shirt trang,99,t-shirt,uploaded_images\output\Cat Moon Flower Art Nature Kitty Cats_t-shirt trang.webp,58,116
